subcategory_code,item_code,item_text,display_level,selectable,sort_sequence
ALCBEVG,ALCBEVG,Alcoholic beverages,0,TRUE,5300
APPAREL,APPAREL,Apparel and services,0,TRUE,8200
APPAREL,BOYS,"Apparel, Boys, 2 to 15",2,TRUE,8500
APPAREL,FOOTWEAR,Footwear,1,TRUE,9000
APPAREL,GIRLS,"Apparel, Girls, 2 to 15",2,TRUE,8800
APPAREL,INFANT,"Apparel, Children under 2",1,TRUE,8900
APPAREL,MENBOYS,"Apparel, Men and boys",1,TRUE,8300
APPAREL,MENS,"Apparel, Men, 16 and over",2,TRUE,8400
APPAREL,OTHAPPRL,Other apparel products and services,1,TRUE,9100
APPAREL,WMNSGRLS,"Apparel, Women and girls",1,TRUE,8600
APPAREL,WOMENS,"Apparel, Women, 16 and over",2,TRUE,8700
CASHCONT,CASHCONT,Cash contributions,0,TRUE,11900
CHGASLI,CHGASLI,Net change in total assets and liabilities,0,TRUE,13800
CHGASLI,CHGASSET,Net change in total assets,1,TRUE,13900
CHGASLI,CHGLIAB,Net change in total liabilities,1,TRUE,14000
CONSUNIT,CONSUNIT,Number of consumer units (in thousands),0,TRUE,14500
EDUCATN,EDUCATN,Education,0,TRUE,11600
ENTRTAIN,ENTEROTH,"Entertainment: other supplies, equip., & services",1,TRUE,11300
ENTRTAIN,ENTRTAIN,Entertainment,0,TRUE,10900
ENTRTAIN,FEESADM,Entertainment: fees and admissions,1,TRUE,11000
ENTRTAIN,PETS,Pets,2,TRUE,11230
ENTRTAIN,PETSPLAY,"Pets, toys, and playground equipment",1,TRUE,11200
ENTRTAIN,TOYS,"Toys, hobbies, and playground equipment",2,TRUE,11250
ENTRTAIN,TVAUDIO,Audio and visual equipment and services,1,TRUE,11100
FOODTOTL,080110,Eggs,3,TRUE,3700
FOODTOTL,190904,"Food prep. by consumer unit, out-of-town trips",3,TRUE,5100
FOODTOTL,ANIMAL,"Meats, poultry, fish, and eggs",2,TRUE,3100
FOODTOTL,BAKERY,Bakery products,3,TRUE,3000
FOODTOTL,BEEF,Beef,3,TRUE,3200
FOODTOTL,CERBAKRY,Cereals and bakery products,2,TRUE,2800
FOODTOTL,CEREAL,Cereals and cereal products,3,TRUE,2900
FOODTOTL,DAIRY,Dairy products,2,TRUE,3800
FOODTOTL,FATSOILS,Fats and oils,3,TRUE,4800
FOODTOTL,FISHSEA,Fish and seafood,3,TRUE,3600
FOODTOTL,FOODAWAY,Food away from home,1,TRUE,5200
FOODTOTL,FOODHOME,Food at home,1,TRUE,2700
FOODTOTL,FOODTOTL,Food,0,TRUE,2600
FOODTOTL,FRESHVEG,Fresh vegetables,3,TRUE,4300
FOODTOTL,FRSHFRUT,Fresh fruits,3,TRUE,4200
FOODTOTL,FRUITVEG,Fruits and vegetables,2,TRUE,4100
FOODTOTL,MILKCRM,Fresh milk and cream,3,TRUE,3900
FOODTOTL,MISCFOOD,Miscellaneous foods,3,TRUE,4900
FOODTOTL,NALCBEVG,Nonalcoholic beverages,3,TRUE,5000
FOODTOTL,OTHDAIRY,Other dairy products,3,TRUE,4000
FOODTOTL,OTHRFOOD,Other food at home,2,TRUE,4600
FOODTOTL,OTHRMEAT,Other meats,3,TRUE,3400
FOODTOTL,PORK,Pork,3,TRUE,3300
FOODTOTL,POULTRY,Poultry,3,TRUE,3500
FOODTOTL,PROCFRUT,Processed fruits,3,TRUE,4400
FOODTOTL,PROCVEG,Processed vegetables,3,TRUE,4500
FOODTOTL,SWEETS,Sugar and other sweets,3,TRUE,4700
HEALTH,DRUGS,Drugs: Prescription and nonprescription,1,TRUE,10700
HEALTH,HEALTH,Healthcare,0,TRUE,10400
HEALTH,HLTHINSR,Health insurance,1,TRUE,10500
HEALTH,MEDSERVS,Medical services,1,TRUE,10600
HEALTH,MEDSUPPL,Medical supplies,1,TRUE,10800
HOUSING,220211,Property taxes,3,TRUE,5800
HOUSING,270102,Cellular phone service,2,TRUE,6650
HOUSING,ELECTRIC,Electricity,2,TRUE,6400
HOUSING,FLOORCOV,Floor coverings,2,TRUE,7800
HOUSING,FURNITUR,Furniture,2,TRUE,7700
HOUSING,HHFURNSH,Household furnishings and equipment,1,TRUE,7500
HOUSING,HHOPER,Household operations,1,TRUE,6800
HOUSING,HHOTHXPN,Other household expenses,2,TRUE,7000
HOUSING,HHPERSRV,Personal services,2,TRUE,6900
HOUSING,HHTXTILE,Household textiles,2,TRUE,7600
HOUSING,HKPGOTHR,Other household products,2,TRUE,7300
HOUSING,HKPGSUPP,Housekeeping supplies,1,TRUE,7100
HOUSING,HOUSING,Housing,0,TRUE,5400
HOUSING,LAUNDRY,Laundry and cleaning supplies,2,TRUE,7200
HOUSING,MAJAPPL,Major appliances,2,TRUE,7900
HOUSING,MISCHHEQ,Miscellaneous household equipment,2,TRUE,8100
HOUSING,NATRLGAS,Natural gas,2,TRUE,6300
HOUSING,OTHLODGE,Other lodging,2,TRUE,6100
HOUSING,OTHRFUEL,Fuel oil and other fuels,2,TRUE,6500
HOUSING,OWNDWELL,Owned dwellings,2,TRUE,5600
HOUSING,OWNEXPEN,"Maintenance, rep., ins., oth. exp., owned dwelling",3,TRUE,5900
HOUSING,OWNMORTG,Mortgage interest and charges,3,TRUE,5700
HOUSING,PHONE,Telephone services,2,TRUE,6600
HOUSING,POSTAGE,Postage and stationery,2,TRUE,7400
HOUSING,RESPHONE,"Residential phone service, VOIP, and phone cards",2,TRUE,6630
HOUSING,RNTDWELL,Rented dwellings,2,TRUE,6000
HOUSING,SHELTER,Shelter,1,TRUE,5500
HOUSING,SMAPPHWR,"Small appliances, misc. housewares",2,TRUE,8000
HOUSING,UTILS,"Utilities, fuels, and public services",1,TRUE,6200
HOUSING,WATER,Water and other public services,2,TRUE,6700
INCAFTTX,INCAFTTX,Income after taxes,0,TRUE,13700
INCBEFTX,900000,Wages and salaries,1,TRUE,12500
INCBEFTX,INCBEFTX,Money income before taxes,0,TRUE,12400
INCBEFTX,INDIVRNT,"Interest, dividends, rent income, property income",1,TRUE,12800
INCBEFTX,OTHBNFTS,"Unemp. & workers' compen., veterans benefits",1,TRUE,12900
INCBEFTX,OTHREGIN,"Unemp and workrs' comp, vet bnfits, reg contrib",1,TRUE,13250
INCBEFTX,OTHRINC,Other income,1,TRUE,13200
INCBEFTX,REGCONT,Regular contributions for support,1,TRUE,13100
INCBEFTX,RETIRINC,"Social Security, private & government retirement",1,TRUE,12700
INCBEFTX,SFEMPINC,Self-employment income,1,TRUE,12600
INCBEFTX,WELFARE,"Public assist., suplmntl. secrty. income, SNAP",1,TRUE,13000
INSPENSN,INSPENSN,Personal insurance and pensions,0,TRUE,12000
INSPENSN,LIFEINSR,Life and other personal insurance,1,TRUE,12100
INSPENSN,PENSIONS,Pensions and Social Security,1,TRUE,12200
MISC,MISC,Miscellaneous expenditures,0,TRUE,11800
PERSCARE,PERSCARE,Personal care products and services,0,TRUE,11400
PERSTAX,FEDTAXES,Federal income taxes,1,TRUE,13400
PERSTAX,OTHRTAX,Other taxes,1,TRUE,13600
PERSTAX,PERSTAX,Personal taxes,0,TRUE,13300
PERSTAX,STATETAX,State and local income taxes,1,TRUE,13500
READING,READING,Reading,0,TRUE,11500
TITLECU,980010,Number of People in CU,1,TRUE,15000
TITLECU,980020,Age of reference person,0,TRUE,14800
TITLECU,980030,Number of Earners,1,TRUE,15300
TITLECU,980050,Number of Children under 18,1,TRUE,15100
TITLECU,980060,Adults 65 and older,1,TRUE,15200
TITLECU,INCAFTAX,Income after taxes,0,TRUE,14700
TITLECU,INCBFTAX,Income before taxes,0,TRUE,14600
TITLECU,TITLEACU,Average number in consumer unit:,0,FALSE,14900
TITLECU,VEHICLES,Number of Vehicles,1,TRUE,15400
TITLEOFI,800721,Estimated market value of owned home,1,TRUE,14300
TITLEOFI,910050,Est. monthly rental value of owned home,1,TRUE,14400
TITLEOFI,MRTPRINP,"Mortgage principal paid, owned property",1,TRUE,14200
TITLEOFI,OTHRMONY,Other money receipts,1,TRUE,14100
TITLEPD,980210,Percent Men reference persons,1,TRUE,15600
TITLEPD,980220,Percent Women reference persons,1,TRUE,15700
TITLEPD,980230,Percent Homeowner with mortgage,2,TRUE,16000
TITLEPD,980240,Percent Homeowner without mortgage,2,TRUE,16100
TITLEPD,980260,Percent Renter,1,TRUE,16200
TITLEPD,980270,Percent Black or African American,1,TRUE,16400
TITLEPD,980285,Percent Hispanic or Latino,1,TRUE,16700
TITLEPD,980286,Percent Not Hispanic or Latino,1,TRUE,16800
TITLEPD,980290,Percent Elementary (1-8),1,TRUE,17000
TITLEPD,980300,Percent High school (9-12),1,TRUE,17100
TITLEPD,980310,Percent College,1,TRUE,17200
TITLEPD,980320,Percent Never attended school and other,1,TRUE,17300
TITLEPD,980350,At least one vehicle owned or leased,0,TRUE,17400
TITLEPD,HOMEOWN,Percent Homeowner,1,TRUE,15900
TITLEPD,TITLEEDU,Education of reference person:,0,FALSE,16900
TITLEPD,TITLEHOP,Hispanic or Latino origin of reference person:,0,FALSE,16600
TITLEPD,TITLEHT,Housing tenure:,0,FALSE,15800
TITLEPD,TITLERRP,Race of reference person:,0,FALSE,16300
TITLEPD,TITLESRP,Reference person:,0,FALSE,15500
TITLEPD,WHTNDOTH,"Percent White, Asian, and All Other Races",1,TRUE,16500
TOBACCO,TOBACCO,Tobacco products and smoking supplies,0,TRUE,11700
TOTALEXP,TOTALEXP,Total average annual expenditures,0,TRUE,1000
TRANS,500110,Vehicle insurance,2,TRUE,10100
TRANS,CAREPAIR,Vehicle maintenance and repairs,2,TRUE,10000
TRANS,GASOIL,Gasoline and motor oil,1,TRUE,9700
TRANS,NEWCARS,"Vehicle purchases: Cars and trucks, new",2,TRUE,9400
TRANS,OTHVEHCL,Other vehicle purchases,2,TRUE,9600
TRANS,PUBTRANS,Public and other transportation,1,TRUE,10300
TRANS,TRANS,Transportation,0,TRUE,9200
TRANS,USEDCARS,"Vehicle purchases: Cars and trucks, used",2,TRUE,9500
TRANS,VEHFINCH,Vehicle finance charges,2,TRUE,9900
TRANS,VEHOTHXP,Other vehicle expenses,1,TRUE,9800
TRANS,VEHPURCH,Vehicle purchases (net outlay),1,TRUE,9300
TRANS,VEHRNTLC,"Vehicle. rent., leas., licen., oth. charges",2,TRUE,10200
